id,text,true_labels,baseline_predicted_labels,baseline_probabilities,distilbert_predicted_labels,distilbert_probabilities
ood001,This is the third time my order has arrived late. I'm done giving you guys chances.,anger|disappointment,neutral,"{""admiration"": 0.027362, ""amusement"": 4.7e-05, ""anger"": 0.001435, ""annoyance"": 0.043317, ""approval"": 0.179691, ""caring"": 0.015072, ""confusion"": 0.026288, ""curiosity"": 0.067999, ""desire"": 0.000364, ""disappointment"": 0.055252, ""disapproval"": 0.021964, ""disgust"": 0.000103, ""embarrassment"": 5e-06, ""excitement"": 0.004233, ""fear"": 4e-06, ""gratitude"": 0.002062, ""grief"": 1.7e-05, ""joy"": 8.6e-05, ""love"": 6e-06, ""nervousness"": 1e-05, ""neutral"": 0.738002, ""optimism"": 0.316901, ""pride"": 0.001404, ""realization"": 0.007346, ""relief"": 0.001835, ""remorse"": 4.7e-05, ""sadness"": 0.000167, ""surprise"": 0.002541}",neutral,"{""admiration"": 0.086677, ""amusement"": 0.005964, ""anger"": 0.119912, ""annoyance"": 0.408591, ""approval"": 0.323881, ""caring"": 0.063698, ""confusion"": 0.005039, ""curiosity"": 0.010024, ""desire"": 0.027467, ""disappointment"": 0.124947, ""disapproval"": 0.11436, ""disgust"": 0.015518, ""embarrassment"": 0.005015, ""excitement"": 0.07882, ""fear"": 0.003416, ""gratitude"": 0.054303, ""grief"": 0.009446, ""joy"": 0.032395, ""love"": 0.001354, ""nervousness"": 0.005358, ""neutral"": 0.647408, ""optimism"": 0.163289, ""pride"": 0.075229, ""realization"": 0.203748, ""relief"": 0.060335, ""remorse"": 0.004796, ""sadness"": 0.018384, ""surprise"": 0.038019}"
ood002,"Wait, why was I charged twice for the same subscription this month?",confusion|annoyance,neutral|curiosity|excitement,"{""admiration"": 0.002217, ""amusement"": 3e-06, ""anger"": 0.00463, ""annoyance"": 0.1719, ""approval"": 0.072558, ""caring"": 2.9e-05, ""confusion"": 0.159809, ""curiosity"": 0.71954, ""desire"": 0.00036, ""disappointment"": 0.015614, ""disapproval"": 0.001025, ""disgust"": 7.7e-05, ""embarrassment"": 0.000188, ""excitement"": 0.542589, ""fear"": 3e-06, ""gratitude"": 8e-06, ""grief"": 0.0, ""joy"": 0.000165, ""love"": 0.000309, ""nervousness"": 1.8e-05, ""neutral"": 0.818788, ""optimism"": 3.6e-05, ""pride"": 0.001077, ""realization"": 0.03576, ""relief"": 2e-06, ""remorse"": 2e-06, ""sadness"": 7e-06, ""surprise"": 0.030215}",curiosity|confusion,"{""admiration"": 0.006356, ""amusement"": 0.006064, ""anger"": 0.03042, ""annoyance"": 0.087689, ""approval"": 0.011374, ""caring"": 0.001843, ""confusion"": 0.681704, ""curiosity"": 0.877284, ""desire"": 0.006184, ""disappointment"": 0.026831, ""disapproval"": 0.047805, ""disgust"": 0.006464, ""embarrassment"": 0.00625, ""excitement"": 0.01204, ""fear"": 0.005841, ""gratitude"": 0.002806, ""grief"": 0.002616, ""joy"": 0.003346, ""love"": 0.001981, ""nervousness"": 0.002062, ""neutral"": 0.330594, ""optimism"": 0.009121, ""pride"": 0.000566, ""realization"": 0.042605, ""relief"": 0.00196, ""remorse"": 0.002059, ""sadness"": 0.006337, ""surprise"": 0.239827}"
ood003,Just wanted to say your support agent Sarah was incredibly patient with me today. Thank you!,gratitude|admiration,gratitude,"{""admiration"": 0.052461, ""amusement"": 0.000493, ""anger"": 0.000701, ""annoyance"": 0.011813, ""approval"": 0.211523, ""caring"": 0.103887, ""confusion"": 0.000237, ""curiosity"": 0.003048, ""desire"": 0.006755, ""disappointment"": 0.00268, ""disapproval"": 0.005645, ""disgust"": 2e-06, ""embarrassment"": 3e-06, ""excitement"": 0.004584, ""fear"": 0.0, ""gratitude"": 0.99707, ""grief"": 0.000555, ""joy"": 0.002643, ""love"": 0.000148, ""nervousness"": 0.0, ""neutral"": 0.19447, ""optimism"": 0.037321, ""pride"": 0.019269, ""realization"": 0.00546, ""relief"": 0.056695, ""remorse"": 0.004969, ""sadness"": 0.000671, ""surprise"": 0.000479}",gratitude,"{""admiration"": 0.109257, ""amusement"": 0.011531, ""anger"": 0.016339, ""annoyance"": 0.017263, ""approval"": 0.076459, ""caring"": 0.03468, ""confusion"": 0.020569, ""curiosity"": 0.018177, ""desire"": 0.036281, ""disappointment"": 0.007066, ""disapproval"": 0.010575, ""disgust"": 0.005093, ""embarrassment"": 0.002677, ""excitement"": 0.028875, ""fear"": 0.002479, ""gratitude"": 0.995053, ""grief"": 0.002725, ""joy"": 0.014324, ""love"": 0.028263, ""nervousness"": 0.002142, ""neutral"": 0.020974, ""optimism"": 0.051409, ""pride"": 0.007718, ""realization"": 0.031458, ""relief"": 0.026343, ""remorse"": 0.008177, ""sadness"": 0.004642, ""surprise"": 0.006504}"
ood004,The new update completely broke the checkout page. I couldn't finish my purchase.,annoyance|disappointment,neutral|disappointment,"{""admiration"": 0.000194, ""amusement"": 0.0, ""anger"": 8.2e-05, ""annoyance"": 0.006307, ""approval"": 0.069222, ""caring"": 5e-06, ""confusion"": 0.036808, ""curiosity"": 0.047089, ""desire"": 0.000637, ""disappointment"": 0.528789, ""disapproval"": 0.010002, ""disgust"": 0.000106, ""embarrassment"": 0.000563, ""excitement"": 0.002842, ""fear"": 1.7e-05, ""gratitude"": 3e-06, ""grief"": 3e-06, ""joy"": 6e-06, ""love"": 0.001037, ""nervousness"": 5.8e-05, ""neutral"": 0.78591, ""optimism"": 0.001522, ""pride"": 0.000445, ""realization"": 0.390796, ""relief"": 3e-06, ""remorse"": 0.000564, ""sadness"": 0.003859, ""surprise"": 0.002205}",disappointment,"{""admiration"": 0.023256, ""amusement"": 0.00644, ""anger"": 0.076291, ""annoyance"": 0.237427, ""approval"": 0.051769, ""caring"": 0.00404, ""confusion"": 0.023091, ""curiosity"": 0.013072, ""desire"": 0.0092, ""disappointment"": 0.807901, ""disapproval"": 0.303147, ""disgust"": 0.023992, ""embarrassment"": 0.043694, ""excitement"": 0.031737, ""fear"": 0.011108, ""gratitude"": 0.019629, ""grief"": 0.035381, ""joy"": 0.036484, ""love"": 0.005969, ""nervousness"": 0.015404, ""neutral"": 0.339154, ""optimism"": 0.028042, ""pride"": 0.029207, ""realization"": 0.32433, ""relief"": 0.035707, ""remorse"": 0.032988, ""sadness"": 0.31376, ""surprise"": 0.19908}"
ood005,Honestly did not expect the refund to process this fast. Really relieved.,relief|surprise,approval,"{""admiration"": 0.023478, ""amusement"": 0.000629, ""anger"": 0.000534, ""annoyance"": 0.034909, ""approval"": 0.51151, ""caring"": 0.011787, ""confusion"": 0.074798, ""curiosity"": 0.347052, ""desire"": 0.04635, ""disappointment"": 0.056195, ""disapproval"": 0.073858, ""disgust"": 7.9e-05, ""embarrassment"": 0.000194, ""excitement"": 0.171654, ""fear"": 3.2e-05, ""gratitude"": 0.013807, ""grief"": 5e-06, ""joy"": 0.017724, ""love"": 1e-06, ""nervousness"": 0.000249, ""neutral"": 0.204397, ""optimism"": 0.285375, ""pride"": 0.005767, ""realization"": 0.031694, ""relief"": 0.065676, ""remorse"": 0.000169, ""sadness"": 4.2e-05, ""surprise"": 0.218747}",realization,"{""admiration"": 0.097067, ""amusement"": 0.01142, ""anger"": 0.020767, ""annoyance"": 0.119233, ""approval"": 0.160935, ""caring"": 0.063485, ""confusion"": 0.060764, ""curiosity"": 0.025375, ""desire"": 0.016906, ""disappointment"": 0.323681, ""disapproval"": 0.225851, ""disgust"": 0.042457, ""embarrassment"": 0.054073, ""excitement"": 0.094962, ""fear"": 0.01633, ""gratitude"": 0.418722, ""grief"": 0.039021, ""joy"": 0.453919, ""love"": 0.009794, ""nervousness"": 0.042003, ""neutral"": 0.10385, ""optimism"": 0.093095, ""pride"": 0.089252, ""realization"": 0.636235, ""relief"": 0.500786, ""remorse"": 0.09997, ""sadness"": 0.146569, ""surprise"": 0.268636}"
ood006,I've emailed three times and still no response. Is anyone even reading these?,annoyance|disapproval,neutral,"{""admiration"": 0.002304, ""amusement"": 0.002224, ""anger"": 0.159226, ""annoyance"": 0.366608, ""approval"": 0.009411, ""caring"": 1.5e-05, ""confusion"": 0.002251, ""curiosity"": 0.043618, ""desire"": 7.1e-05, ""disappointment"": 0.027355, ""disapproval"": 0.016286, ""disgust"": 0.008402, ""embarrassment"": 0.005433, ""excitement"": 0.020155, ""fear"": 0.001003, ""gratitude"": 7e-06, ""grief"": 6.8e-05, ""joy"": 0.00126, ""love"": 0.000633, ""nervousness"": 0.000164, ""neutral"": 0.649075, ""optimism"": 2.1e-05, ""pride"": 0.000301, ""realization"": 0.012267, ""relief"": 4.5e-05, ""remorse"": 6e-06, ""sadness"": 0.001757, ""surprise"": 0.071207}",curiosity|confusion,"{""admiration"": 0.004978, ""amusement"": 0.003933, ""anger"": 0.037528, ""annoyance"": 0.110449, ""approval"": 0.013708, ""caring"": 0.004081, ""confusion"": 0.747761, ""curiosity"": 0.857261, ""desire"": 0.005551, ""disappointment"": 0.084046, ""disapproval"": 0.113581, ""disgust"": 0.008275, ""embarrassment"": 0.01093, ""excitement"": 0.004767, ""fear"": 0.005546, ""gratitude"": 0.008375, ""grief"": 0.005306, ""joy"": 0.0037, ""love"": 0.005292, ""nervousness"": 0.002637, ""neutral"": 0.31031, ""optimism"": 0.00991, ""pride"": 0.000958, ""realization"": 0.037627, ""relief"": 0.003666, ""remorse"": 0.007227, ""sadness"": 0.023485, ""surprise"": 0.071969}"
ood007,"Not sure how to reset my password, the link in the email doesn't seem to work.",confusion,neutral|confusion,"{""admiration"": 1e-06, ""amusement"": 4e-06, ""anger"": 3e-06, ""annoyance"": 0.002885, ""approval"": 0.031747, ""caring"": 0.000176, ""confusion"": 0.645967, ""curiosity"": 0.08748, ""desire"": 1e-06, ""disappointment"": 0.000562, ""disapproval"": 0.048804, ""disgust"": 0.0, ""embarrassment"": 1e-06, ""excitement"": 1e-06, ""fear"": 0.0, ""gratitude"": 2.2e-05, ""grief"": 0.0, ""joy"": 0.0, ""love"": 0.0, ""nervousness"": 0.0, ""neutral"": 0.893982, ""optimism"": 6.6e-05, ""pride"": 0.0, ""realization"": 0.057092, ""relief"": 8e-06, ""remorse"": 1e-06, ""sadness"": 6e-06, ""surprise"": 3e-05}",confusion,"{""admiration"": 0.007402, ""amusement"": 0.015756, ""anger"": 0.026307, ""annoyance"": 0.115957, ""approval"": 0.033454, ""caring"": 0.011563, ""confusion"": 0.941886, ""curiosity"": 0.161873, ""desire"": 0.007499, ""disappointment"": 0.203968, ""disapproval"": 0.426187, ""disgust"": 0.027313, ""embarrassment"": 0.033957, ""excitement"": 0.00367, ""fear"": 0.016205, ""gratitude"": 0.02687, ""grief"": 0.007683, ""joy"": 0.007355, ""love"": 0.009316, ""nervousness"": 0.01534, ""neutral"": 0.202846, ""optimism"": 0.041674, ""pride"": 0.002564, ""realization"": 0.11046, ""relief"": 0.011032, ""remorse"": 0.015384, ""sadness"": 0.040803, ""surprise"": 0.087563}"
ood008,"Love the redesign, it's so much easier to navigate now!",love|admiration,love,"{""admiration"": 0.231123, ""amusement"": 0.00011, ""anger"": 2.6e-05, ""annoyance"": 3.2e-05, ""approval"": 0.185148, ""caring"": 0.032752, ""confusion"": 0.000597, ""curiosity"": 0.015796, ""desire"": 0.113535, ""disappointment"": 5e-05, ""disapproval"": 6.1e-05, ""disgust"": 1e-06, ""embarrassment"": 0.0, ""excitement"": 0.031342, ""fear"": 0.0, ""gratitude"": 0.018446, ""grief"": 1.1e-05, ""joy"": 0.033281, ""love"": 0.991268, ""nervousness"": 0.0, ""neutral"": 0.062619, ""optimism"": 0.111124, ""pride"": 0.000682, ""realization"": 0.00249, ""relief"": 1.3e-05, ""remorse"": 0.0, ""sadness"": 2.2e-05, ""surprise"": 3.2e-05}",love|admiration,"{""admiration"": 0.606193, ""amusement"": 0.009469, ""anger"": 0.005685, ""annoyance"": 0.013227, ""approval"": 0.197427, ""caring"": 0.017775, ""confusion"": 0.011193, ""curiosity"": 0.014682, ""desire"": 0.029655, ""disappointment"": 0.009932, ""disapproval"": 0.01506, ""disgust"": 0.003106, ""embarrassment"": 0.0034, ""excitement"": 0.077096, ""fear"": 0.001413, ""gratitude"": 0.02639, ""grief"": 0.00316, ""joy"": 0.125897, ""love"": 0.979533, ""nervousness"": 0.002509, ""neutral"": 0.042988, ""optimism"": 0.040151, ""pride"": 0.010757, ""realization"": 0.019578, ""relief"": 0.006865, ""remorse"": 0.002567, ""sadness"": 0.00494, ""surprise"": 0.009394}"
ood009,This is unacceptable. I paid for express shipping and it's been two weeks.,anger|disapproval,disapproval|annoyance|anger,"{""admiration"": 0.000852, ""amusement"": 0.012974, ""anger"": 0.548572, ""annoyance"": 0.822662, ""approval"": 0.215079, ""caring"": 0.000494, ""confusion"": 0.017539, ""curiosity"": 0.02744, ""desire"": 0.00031, ""disappointment"": 0.048566, ""disapproval"": 0.861373, ""disgust"": 0.055993, ""embarrassment"": 0.004783, ""excitement"": 2.9e-05, ""fear"": 4e-06, ""gratitude"": 0.000157, ""grief"": 3e-06, ""joy"": 3.4e-05, ""love"": 7e-05, ""nervousness"": 1.1e-05, ""neutral"": 0.148632, ""optimism"": 0.002878, ""pride"": 0.000292, ""realization"": 0.025451, ""relief"": 4.4e-05, ""remorse"": 0.004958, ""sadness"": 0.00044, ""surprise"": 3.2e-05}",disapproval,"{""admiration"": 0.014991, ""amusement"": 0.003611, ""anger"": 0.397712, ""annoyance"": 0.509526, ""approval"": 0.131147, ""caring"": 0.013196, ""confusion"": 0.036413, ""curiosity"": 0.020764, ""desire"": 0.01821, ""disappointment"": 0.174542, ""disapproval"": 0.883324, ""disgust"": 0.199284, ""embarrassment"": 0.026533, ""excitement"": 0.003753, ""fear"": 0.016469, ""gratitude"": 0.007012, ""grief"": 0.004702, ""joy"": 0.003105, ""love"": 0.003073, ""nervousness"": 0.003275, ""neutral"": 0.16871, ""optimism"": 0.016424, ""pride"": 0.006318, ""realization"": 0.055101, ""relief"": 0.004895, ""remorse"": 0.009589, ""sadness"": 0.018209, ""surprise"": 0.009325}"
ood010,Can you clarify what 'processing' means for my order status? It's been stuck for days.,confusion|curiosity,neutral,"{""admiration"": 0.000498, ""amusement"": 0.000246, ""anger"": 0.003302, ""annoyance"": 0.113612, ""approval"": 0.304097, ""caring"": 0.064627, ""confusion"": 0.16305, ""curiosity"": 0.364687, ""desire"": 0.001134, ""disappointment"": 0.014566, ""disapproval"": 0.017089, ""disgust"": 8.9e-05, ""embarrassment"": 0.000649, ""excitement"": 0.002458, ""fear"": 4e-06, ""gratitude"": 0.010425, ""grief"": 7.3e-05, ""joy"": 0.000289, ""love"": 2.3e-05, ""nervousness"": 0.000175, ""neutral"": 0.640203, ""optimism"": 0.012045, ""pride"": 0.002072, ""realization"": 0.241528, ""relief"": 0.003554, ""remorse"": 0.008084, ""sadness"": 0.000998, ""surprise"": 0.002488}",curiosity|confusion,"{""admiration"": 0.003385, ""amusement"": 0.006884, ""anger"": 0.019077, ""annoyance"": 0.124433, ""approval"": 0.033609, ""caring"": 0.014066, ""confusion"": 0.719022, ""curiosity"": 0.876105, ""desire"": 0.007832, ""disappointment"": 0.03879, ""disapproval"": 0.049799, ""disgust"": 0.006483, ""embarrassment"": 0.006187, ""excitement"": 0.00284, ""fear"": 0.004339, ""gratitude"": 0.002642, ""grief"": 0.002916, ""joy"": 0.002755, ""love"": 0.002039, ""nervousness"": 0.002453, ""neutral"": 0.485081, ""optimism"": 0.021096, ""pride"": 0.000644, ""realization"": 0.068435, ""relief"": 0.004009, ""remorse"": 0.004581, ""sadness"": 0.013481, ""surprise"": 0.020136}"
ood011,"I'm a bit nervous about upgrading my plan, will I lose my saved data?",nervousness,disappointment|nervousness|caring,"{""admiration"": 0.000529, ""amusement"": 1e-06, ""anger"": 0.001256, ""annoyance"": 0.071733, ""approval"": 0.26479, ""caring"": 0.59946, ""confusion"": 0.000438, ""curiosity"": 0.000601, ""desire"": 0.008333, ""disappointment"": 0.795988, ""disapproval"": 0.00479, ""disgust"": 0.000495, ""embarrassment"": 0.000822, ""excitement"": 0.004682, ""fear"": 0.072606, ""gratitude"": 0.000235, ""grief"": 0.000897, ""joy"": 0.000245, ""love"": 4.6e-05, ""nervousness"": 0.665534, ""neutral"": 0.197769, ""optimism"": 0.357517, ""pride"": 0.007925, ""realization"": 0.051511, ""relief"": 0.077736, ""remorse"": 0.008374, ""sadness"": 0.159076, ""surprise"": 0.00196}",nervousness|fear,"{""admiration"": 0.043319, ""amusement"": 0.075222, ""anger"": 0.042585, ""annoyance"": 0.159835, ""approval"": 0.092919, ""caring"": 0.277344, ""confusion"": 0.380699, ""curiosity"": 0.527503, ""desire"": 0.054229, ""disappointment"": 0.180314, ""disapproval"": 0.067587, ""disgust"": 0.079546, ""embarrassment"": 0.157218, ""excitement"": 0.182256, ""fear"": 0.82521, ""gratitude"": 0.037783, ""grief"": 0.064409, ""joy"": 0.089237, ""love"": 0.066213, ""nervousness"": 0.849104, ""neutral"": 0.099516, ""optimism"": 0.205222, ""pride"": 0.012369, ""realization"": 0.161291, ""relief"": 0.060029, ""remorse"": 0.044986, ""sadness"": 0.23335, ""surprise"": 0.175844}"
ood012,The product looks nothing like the pictures on the website. Pretty disappointed.,disappointment,disappointment|admiration|neutral,"{""admiration"": 0.665624, ""amusement"": 1e-06, ""anger"": 4e-06, ""annoyance"": 0.005033, ""approval"": 0.035144, ""caring"": 2.6e-05, ""confusion"": 0.000333, ""curiosity"": 0.002516, ""desire"": 4e-06, ""disappointment"": 0.932371, ""disapproval"": 0.162838, ""disgust"": 0.029687, ""embarrassment"": 8.5e-05, ""excitement"": 5.3e-05, ""fear"": 2.9e-05, ""gratitude"": 1.5e-05, ""grief"": 3e-06, ""joy"": 1.1e-05, ""love"": 8e-06, ""nervousness"": 1e-06, ""neutral"": 0.615414, ""optimism"": 0.052579, ""pride"": 0.000109, ""realization"": 0.00328, ""relief"": 4e-05, ""remorse"": 7e-06, ""sadness"": 0.002856, ""surprise"": 0.000608}",disappointment,"{""admiration"": 0.074306, ""amusement"": 0.002829, ""anger"": 0.070018, ""annoyance"": 0.225876, ""approval"": 0.073535, ""caring"": 0.015853, ""confusion"": 0.031735, ""curiosity"": 0.018732, ""desire"": 0.014683, ""disappointment"": 0.896656, ""disapproval"": 0.525793, ""disgust"": 0.058398, ""embarrassment"": 0.041236, ""excitement"": 0.0082, ""fear"": 0.010339, ""gratitude"": 0.037432, ""grief"": 0.018611, ""joy"": 0.014036, ""love"": 0.008051, ""nervousness"": 0.012589, ""neutral"": 0.063876, ""optimism"": 0.129319, ""pride"": 0.018954, ""realization"": 0.100536, ""relief"": 0.026595, ""remorse"": 0.034742, ""sadness"": 0.236629, ""surprise"": 0.034144}"
ood013,"Wow, I did not expect same-day delivery, that's amazing service!",excitement|surprise,surprise|admiration|excitement,"{""admiration"": 0.759086, ""amusement"": 0.004075, ""anger"": 0.001141, ""annoyance"": 0.015164, ""approval"": 0.022463, ""caring"": 5.7e-05, ""confusion"": 0.027633, ""curiosity"": 0.492385, ""desire"": 0.00108, ""disappointment"": 0.010645, ""disapproval"": 0.023646, ""disgust"": 0.000334, ""embarrassment"": 0.000707, ""excitement"": 0.534933, ""fear"": 1.7e-05, ""gratitude"": 0.068341, ""grief"": 4e-05, ""joy"": 0.011266, ""love"": 0.000382, ""nervousness"": 4e-06, ""neutral"": 0.046194, ""optimism"": 0.002941, ""pride"": 0.005162, ""realization"": 0.033199, ""relief"": 0.001649, ""remorse"": 3e-06, ""sadness"": 4.8e-05, ""surprise"": 0.984505}",surprise|admiration,"{""admiration"": 0.771794, ""amusement"": 0.022369, ""anger"": 0.018838, ""annoyance"": 0.039867, ""approval"": 0.058747, ""caring"": 0.003045, ""confusion"": 0.037679, ""curiosity"": 0.057468, ""desire"": 0.018456, ""disappointment"": 0.04651, ""disapproval"": 0.047671, ""disgust"": 0.009225, ""embarrassment"": 0.018871, ""excitement"": 0.496809, ""fear"": 0.006497, ""gratitude"": 0.069229, ""grief"": 0.005715, ""joy"": 0.081312, ""love"": 0.015428, ""nervousness"": 0.006722, ""neutral"": 0.040081, ""optimism"": 0.038751, ""pride"": 0.035845, ""realization"": 0.146346, ""relief"": 0.0126, ""remorse"": 0.005303, ""sadness"": 0.007472, ""surprise"": 0.934602}"
ood014,"Sorry for the confusion earlier, I found the setting myself, thanks for your patience.",remorse|gratitude,gratitude|remorse,"{""admiration"": 0.002808, ""amusement"": 0.003358, ""anger"": 5.7e-05, ""annoyance"": 0.002836, ""approval"": 0.042373, ""caring"": 0.021066, ""confusion"": 0.296202, ""curiosity"": 0.269482, ""desire"": 0.000859, ""disappointment"": 0.020483, ""disapproval"": 0.024474, ""disgust"": 3.5e-05, ""embarrassment"": 0.002485, ""excitement"": 0.000285, ""fear"": 1e-06, ""gratitude"": 0.984754, ""grief"": 0.002936, ""joy"": 0.000253, ""love"": 0.000782, ""nervousness"": 1.4e-05, ""neutral"": 0.044991, ""optimism"": 0.02104, ""pride"": 0.006625, ""realization"": 0.267284, ""relief"": 0.01855, ""remorse"": 0.944065, ""sadness"": 0.123654, ""surprise"": 0.010236}",gratitude|remorse,"{""admiration"": 0.041414, ""amusement"": 0.053791, ""anger"": 0.028435, ""annoyance"": 0.041663, ""approval"": 0.044693, ""caring"": 0.059701, ""confusion"": 0.204126, ""curiosity"": 0.0805, ""desire"": 0.012779, ""disappointment"": 0.034001, ""disapproval"": 0.042229, ""disgust"": 0.024072, ""embarrassment"": 0.074032, ""excitement"": 0.024383, ""fear"": 0.010204, ""gratitude"": 0.967896, ""grief"": 0.026738, ""joy"": 0.026561, ""love"": 0.02961, ""nervousness"": 0.013109, ""neutral"": 0.015459, ""optimism"": 0.050867, ""pride"": 0.009157, ""realization"": 0.169103, ""relief"": 0.044118, ""remorse"": 0.668937, ""sadness"": 0.0835, ""surprise"": 0.05918}"
ood015,Your customer service team went above and beyond to fix my issue. I'm impressed.,admiration|gratitude,annoyance,"{""admiration"": 0.393987, ""amusement"": 5.8e-05, ""anger"": 0.005302, ""annoyance"": 0.708683, ""approval"": 0.295687, ""caring"": 0.000783, ""confusion"": 0.000504, ""curiosity"": 0.011278, ""desire"": 1e-06, ""disappointment"": 0.064405, ""disapproval"": 0.239406, ""disgust"": 0.00401, ""embarrassment"": 0.000251, ""excitement"": 7.3e-05, ""fear"": 0.0, ""gratitude"": 0.000803, ""grief"": 1e-06, ""joy"": 3.4e-05, ""love"": 5.6e-05, ""nervousness"": 0.0, ""neutral"": 0.329864, ""optimism"": 7.3e-05, ""pride"": 0.00015, ""realization"": 0.004634, ""relief"": 2.1e-05, ""remorse"": 7e-06, ""sadness"": 9.6e-05, ""surprise"": 3e-05}",admiration,"{""admiration"": 0.969378, ""amusement"": 0.004137, ""anger"": 0.012109, ""annoyance"": 0.028013, ""approval"": 0.238992, ""caring"": 0.008317, ""confusion"": 0.006814, ""curiosity"": 0.012177, ""desire"": 0.008815, ""disappointment"": 0.023017, ""disapproval"": 0.020451, ""disgust"": 0.007216, ""embarrassment"": 0.004485, ""excitement"": 0.039401, ""fear"": 0.001508, ""gratitude"": 0.223109, ""grief"": 0.002869, ""joy"": 0.026394, ""love"": 0.008685, ""nervousness"": 0.001317, ""neutral"": 0.03974, ""optimism"": 0.025852, ""pride"": 0.067149, ""realization"": 0.035932, ""relief"": 0.013319, ""remorse"": 0.003349, ""sadness"": 0.004021, ""surprise"": 0.043101}"
ood016,Why is the app crashing every time I try to upload a photo?,annoyance|confusion,curiosity|neutral,"{""admiration"": 0.002029, ""amusement"": 0.005828, ""anger"": 0.00054, ""annoyance"": 0.04967, ""approval"": 0.000924, ""caring"": 5.7e-05, ""confusion"": 0.148294, ""curiosity"": 0.900851, ""desire"": 4e-06, ""disappointment"": 0.001249, ""disapproval"": 0.003578, ""disgust"": 0.000713, ""embarrassment"": 0.003505, ""excitement"": 5.7e-05, ""fear"": 2e-06, ""gratitude"": 1.3e-05, ""grief"": 5e-06, ""joy"": 8e-06, ""love"": 2e-06, ""nervousness"": 1e-06, ""neutral"": 0.564956, ""optimism"": 1.3e-05, ""pride"": 6e-06, ""realization"": 0.008488, ""relief"": 0.0, ""remorse"": 7e-05, ""sadness"": 0.000264, ""surprise"": 0.000526}",curiosity|confusion,"{""admiration"": 0.004244, ""amusement"": 0.00703, ""anger"": 0.048949, ""annoyance"": 0.163183, ""approval"": 0.008746, ""caring"": 0.004473, ""confusion"": 0.685834, ""curiosity"": 0.890366, ""desire"": 0.004508, ""disappointment"": 0.048155, ""disapproval"": 0.068086, ""disgust"": 0.010543, ""embarrassment"": 0.010472, ""excitement"": 0.003888, ""fear"": 0.007362, ""gratitude"": 0.002686, ""grief"": 0.003196, ""joy"": 0.003091, ""love"": 0.00265, ""nervousness"": 0.002712, ""neutral"": 0.304533, ""optimism"": 0.008606, ""pride"": 0.000477, ""realization"": 0.02625, ""relief"": 0.002176, ""remorse"": 0.004292, ""sadness"": 0.013969, ""surprise"": 0.053126}"
ood017,"I appreciate the quick response, that really eased my worries.",gratitude|relief,admiration|gratitude,"{""admiration"": 0.906569, ""amusement"": 0.000309, ""anger"": 1.4e-05, ""annoyance"": 0.000362, ""approval"": 0.256474, ""caring"": 0.264641, ""confusion"": 0.000132, ""curiosity"": 0.004637, ""desire"": 0.00547, ""disappointment"": 0.009579, ""disapproval"": 0.000747, ""disgust"": 4.9e-05, ""embarrassment"": 8.7e-05, ""excitement"": 0.061387, ""fear"": 2.9e-05, ""gratitude"": 0.848437, ""grief"": 0.001451, ""joy"": 0.077472, ""love"": 0.001886, ""nervousness"": 1.6e-05, ""neutral"": 0.021518, ""optimism"": 0.117137, ""pride"": 0.101597, ""realization"": 0.007747, ""relief"": 0.075701, ""remorse"": 0.000272, ""sadness"": 0.003417, ""surprise"": 0.009847}",admiration|gratitude,"{""admiration"": 0.927677, ""amusement"": 0.005429, ""anger"": 0.006082, ""annoyance"": 0.018668, ""approval"": 0.379577, ""caring"": 0.113416, ""confusion"": 0.009596, ""curiosity"": 0.009484, ""desire"": 0.016881, ""disappointment"": 0.025243, ""disapproval"": 0.014576, ""disgust"": 0.006856, ""embarrassment"": 0.006493, ""excitement"": 0.032564, ""fear"": 0.004434, ""gratitude"": 0.740652, ""grief"": 0.006088, ""joy"": 0.053567, ""love"": 0.023918, ""nervousness"": 0.006868, ""neutral"": 0.016971, ""optimism"": 0.09744, ""pride"": 0.052639, ""realization"": 0.082558, ""relief"": 0.067396, ""remorse"": 0.015647, ""sadness"": 0.011545, ""surprise"": 0.011078}"
ood018,"This is disgusting, I found a piece of plastic in my food delivery.",disgust|anger,disgust,"{""admiration"": 0.006383, ""amusement"": 0.000131, ""anger"": 0.129845, ""annoyance"": 0.3948, ""approval"": 0.006603, ""caring"": 1.5e-05, ""confusion"": 0.002363, ""curiosity"": 0.013823, ""desire"": 1e-06, ""disappointment"": 0.071326, ""disapproval"": 0.164107, ""disgust"": 0.995291, ""embarrassment"": 0.02266, ""excitement"": 1.4e-05, ""fear"": 0.012913, ""gratitude"": 0.0, ""grief"": 1e-05, ""joy"": 1e-06, ""love"": 6e-05, ""nervousness"": 0.00011, ""neutral"": 0.125707, ""optimism"": 0.000103, ""pride"": 7.4e-05, ""realization"": 0.004073, ""relief"": 2e-06, ""remorse"": 6e-06, ""sadness"": 0.002393, ""surprise"": 0.006083}",disgust,"{""admiration"": 0.062197, ""amusement"": 0.046822, ""anger"": 0.110395, ""annoyance"": 0.284533, ""approval"": 0.053399, ""caring"": 0.024134, ""confusion"": 0.033717, ""curiosity"": 0.034308, ""desire"": 0.025095, ""disappointment"": 0.104017, ""disapproval"": 0.130923, ""disgust"": 0.954877, ""embarrassment"": 0.118381, ""excitement"": 0.008848, ""fear"": 0.105324, ""gratitude"": 0.017891, ""grief"": 0.014546, ""joy"": 0.030415, ""love"": 0.014341, ""nervousness"": 0.027374, ""neutral"": 0.086711, ""optimism"": 0.027434, ""pride"": 0.009843, ""realization"": 0.037868, ""relief"": 0.025467, ""remorse"": 0.025253, ""sadness"": 0.086446, ""surprise"": 0.02439}"
ood019,"Just curious, is there a way to export my data before I cancel my account?",curiosity,curiosity,"{""admiration"": 0.000627, ""amusement"": 4e-06, ""anger"": 0.008121, ""annoyance"": 0.068474, ""approval"": 0.02308, ""caring"": 0.121964, ""confusion"": 0.012189, ""curiosity"": 0.750239, ""desire"": 0.004574, ""disappointment"": 0.015947, ""disapproval"": 0.002791, ""disgust"": 4.9e-05, ""embarrassment"": 0.000581, ""excitement"": 0.001614, ""fear"": 7e-06, ""gratitude"": 0.004224, ""grief"": 0.000147, ""joy"": 8.4e-05, ""love"": 0.001245, ""nervousness"": 7.4e-05, ""neutral"": 0.284711, ""optimism"": 0.000775, ""pride"": 0.001732, ""realization"": 0.01298, ""relief"": 1.8e-05, ""remorse"": 0.03264, ""sadness"": 0.015074, ""surprise"": 0.000333}",curiosity,"{""admiration"": 0.019398, ""amusement"": 0.013698, ""anger"": 0.020246, ""annoyance"": 0.041767, ""approval"": 0.019202, ""caring"": 0.009705, ""confusion"": 0.452902, ""curiosity"": 0.947206, ""desire"": 0.019787, ""disappointment"": 0.007398, ""disapproval"": 0.009084, ""disgust"": 0.005152, ""embarrassment"": 0.003895, ""excitement"": 0.023729, ""fear"": 0.006599, ""gratitude"": 0.012374, ""grief"": 0.002639, ""joy"": 0.008462, ""love"": 0.008303, ""nervousness"": 0.002544, ""neutral"": 0.143667, ""optimism"": 0.02465, ""pride"": 0.000612, ""realization"": 0.015665, ""relief"": 0.002736, ""remorse"": 0.002005, ""sadness"": 0.004886, ""surprise"": 0.038382}"
ood020,I'm really proud of how far this app has come since I started using it two years ago.,pride|admiration,admiration,"{""admiration"": 0.708458, ""amusement"": 0.000599, ""anger"": 0.003634, ""annoyance"": 0.016992, ""approval"": 0.077223, ""caring"": 0.005181, ""confusion"": 0.002427, ""curiosity"": 0.039173, ""desire"": 0.005937, ""disappointment"": 0.257199, ""disapproval"": 0.012172, ""disgust"": 0.01432, ""embarrassment"": 0.012275, ""excitement"": 0.017188, ""fear"": 0.000305, ""gratitude"": 0.090778, ""grief"": 0.024835, ""joy"": 0.008313, ""love"": 0.087065, ""nervousness"": 9.1e-05, ""neutral"": 0.156687, ""optimism"": 0.031509, ""pride"": 0.47965, ""realization"": 0.190463, ""relief"": 0.00379, ""remorse"": 0.049329, ""sadness"": 0.105943, ""surprise"": 0.00847}",pride|admiration,"{""admiration"": 0.804077, ""amusement"": 0.150796, ""anger"": 0.139738, ""annoyance"": 0.1534, ""approval"": 0.286008, ""caring"": 0.08341, ""confusion"": 0.036339, ""curiosity"": 0.032129, ""desire"": 0.214716, ""disappointment"": 0.151567, ""disapproval"": 0.129814, ""disgust"": 0.11115, ""embarrassment"": 0.110649, ""excitement"": 0.208918, ""fear"": 0.035193, ""gratitude"": 0.254882, ""grief"": 0.087969, ""joy"": 0.342779, ""love"": 0.146137, ""nervousness"": 0.044131, ""neutral"": 0.18851, ""optimism"": 0.142377, ""pride"": 0.897384, ""realization"": 0.2144, ""relief"": 0.14105, ""remorse"": 0.085976, ""sadness"": 0.142766, ""surprise"": 0.183822}"
ood021,"The billing page is so confusing, I have no idea what I'm being charged for.",confusion,confusion|curiosity,"{""admiration"": 0.001231, ""amusement"": 0.010945, ""anger"": 0.018195, ""annoyance"": 0.139025, ""approval"": 0.050305, ""caring"": 0.000292, ""confusion"": 0.97292, ""curiosity"": 0.530763, ""desire"": 7.3e-05, ""disappointment"": 0.108209, ""disapproval"": 0.237344, ""disgust"": 0.028495, ""embarrassment"": 0.018065, ""excitement"": 0.000165, ""fear"": 0.003682, ""gratitude"": 4e-06, ""grief"": 1.3e-05, ""joy"": 2.3e-05, ""love"": 0.000579, ""nervousness"": 0.002277, ""neutral"": 0.20564, ""optimism"": 0.001406, ""pride"": 4.9e-05, ""realization"": 0.05011, ""relief"": 1.3e-05, ""remorse"": 0.00092, ""sadness"": 0.006511, ""surprise"": 0.005293}",confusion,"{""admiration"": 0.009653, ""amusement"": 0.062303, ""anger"": 0.029425, ""annoyance"": 0.110195, ""approval"": 0.045424, ""caring"": 0.009519, ""confusion"": 0.958627, ""curiosity"": 0.288699, ""desire"": 0.016447, ""disappointment"": 0.056529, ""disapproval"": 0.237973, ""disgust"": 0.03531, ""embarrassment"": 0.04468, ""excitement"": 0.007396, ""fear"": 0.013147, ""gratitude"": 0.025396, ""grief"": 0.004866, ""joy"": 0.008436, ""love"": 0.012569, ""nervousness"": 0.010968, ""neutral"": 0.157143, ""optimism"": 0.030693, ""pride"": 0.002262, ""realization"": 0.101132, ""relief"": 0.008028, ""remorse"": 0.012325, ""sadness"": 0.013066, ""surprise"": 0.086206}"
ood022,"Thanks for fixing the bug so quickly, you guys are the best!",gratitude|admiration,gratitude|admiration,"{""admiration"": 0.520358, ""amusement"": 0.000139, ""anger"": 2e-06, ""annoyance"": 0.000245, ""approval"": 0.021692, ""caring"": 0.004994, ""confusion"": 0.001347, ""curiosity"": 0.06876, ""desire"": 2.1e-05, ""disappointment"": 2.3e-05, ""disapproval"": 0.000429, ""disgust"": 0.0, ""embarrassment"": 0.0, ""excitement"": 0.000193, ""fear"": 0.0, ""gratitude"": 0.999681, ""grief"": 1e-06, ""joy"": 0.000169, ""love"": 0.000294, ""nervousness"": 0.0, ""neutral"": 0.021661, ""optimism"": 0.017145, ""pride"": 0.000158, ""realization"": 0.000577, ""relief"": 5.8e-05, ""remorse"": 1.1e-05, ""sadness"": 1e-06, ""surprise"": 1.4e-05}",gratitude|admiration,"{""admiration"": 0.799356, ""amusement"": 0.00924, ""anger"": 0.007422, ""annoyance"": 0.013696, ""approval"": 0.143641, ""caring"": 0.07183, ""confusion"": 0.00927, ""curiosity"": 0.006774, ""desire"": 0.00601, ""disappointment"": 0.006808, ""disapproval"": 0.009557, ""disgust"": 0.00639, ""embarrassment"": 0.002428, ""excitement"": 0.021226, ""fear"": 0.001248, ""gratitude"": 0.986018, ""grief"": 0.002982, ""joy"": 0.042577, ""love"": 0.028178, ""nervousness"": 0.001606, ""neutral"": 0.010602, ""optimism"": 0.068828, ""pride"": 0.013399, ""realization"": 0.016978, ""relief"": 0.033308, ""remorse"": 0.005166, ""sadness"": 0.003826, ""surprise"": 0.004208}"
ood023,I feel like my complaint is being ignored. This is getting frustrating.,annoyance|disapproval,disappointment|annoyance,"{""admiration"": 0.001806, ""amusement"": 0.000886, ""anger"": 0.42284, ""annoyance"": 0.793274, ""approval"": 0.012904, ""caring"": 0.000433, ""confusion"": 0.000505, ""curiosity"": 0.002565, ""desire"": 3.7e-05, ""disappointment"": 0.835927, ""disapproval"": 0.028369, ""disgust"": 0.061779, ""embarrassment"": 0.023988, ""excitement"": 0.002643, ""fear"": 0.000127, ""gratitude"": 3.4e-05, ""grief"": 4e-05, ""joy"": 0.003051, ""love"": 0.041816, ""nervousness"": 0.001664, ""neutral"": 0.131458, ""optimism"": 0.000383, ""pride"": 0.000607, ""realization"": 0.005271, ""relief"": 3.4e-05, ""remorse"": 0.001551, ""sadness"": 0.44135, ""surprise"": 6.3e-05}",annoyance|anger,"{""admiration"": 0.014861, ""amusement"": 0.013998, ""anger"": 0.613233, ""annoyance"": 0.830681, ""approval"": 0.03415, ""caring"": 0.028959, ""confusion"": 0.022006, ""curiosity"": 0.021977, ""desire"": 0.005356, ""disappointment"": 0.590846, ""disapproval"": 0.284188, ""disgust"": 0.338631, ""embarrassment"": 0.280886, ""excitement"": 0.004108, ""fear"": 0.031988, ""gratitude"": 0.008267, ""grief"": 0.009172, ""joy"": 0.00617, ""love"": 0.003751, ""nervousness"": 0.028217, ""neutral"": 0.074385, ""optimism"": 0.024922, ""pride"": 0.006325, ""realization"": 0.060171, ""relief"": 0.01018, ""remorse"": 0.049548, ""sadness"": 0.144934, ""surprise"": 0.016345}"
ood024,Everything about this experience has been smooth. No complaints at all.,approval,neutral,"{""admiration"": 0.068117, ""amusement"": 1.4e-05, ""anger"": 0.000289, ""annoyance"": 0.004104, ""approval"": 0.040252, ""caring"": 0.001157, ""confusion"": 0.003442, ""curiosity"": 0.149102, ""desire"": 5.6e-05, ""disappointment"": 0.018098, ""disapproval"": 0.004545, ""disgust"": 2e-05, ""embarrassment"": 5e-06, ""excitement"": 0.000829, ""fear"": 1.1e-05, ""gratitude"": 3e-06, ""grief"": 1.2e-05, ""joy"": 0.000145, ""love"": 8.9e-05, ""nervousness"": 2e-06, ""neutral"": 0.861674, ""optimism"": 0.000399, ""pride"": 0.000129, ""realization"": 0.003301, ""relief"": 2.7e-05, ""remorse"": 1e-06, ""sadness"": 0.000723, ""surprise"": 0.000152}",approval,"{""admiration"": 0.410178, ""amusement"": 0.002647, ""anger"": 0.013645, ""annoyance"": 0.080992, ""approval"": 0.696952, ""caring"": 0.141656, ""confusion"": 0.008651, ""curiosity"": 0.01706, ""desire"": 0.005176, ""disappointment"": 0.03275, ""disapproval"": 0.057918, ""disgust"": 0.007545, ""embarrassment"": 0.003363, ""excitement"": 0.010199, ""fear"": 0.002424, ""gratitude"": 0.046696, ""grief"": 0.005245, ""joy"": 0.027588, ""love"": 0.003125, ""nervousness"": 0.002709, ""neutral"": 0.418008, ""optimism"": 0.045796, ""pride"": 0.024086, ""realization"": 0.155017, ""relief"": 0.059993, ""remorse"": 0.004374, ""sadness"": 0.012375, ""surprise"": 0.007613}"
ood025,"I'm sad to see this feature go, I used it every day.",sadness,sadness|disappointment,"{""admiration"": 0.000165, ""amusement"": 0.000212, ""anger"": 0.000789, ""annoyance"": 0.011555, ""approval"": 0.004649, ""caring"": 0.024774, ""confusion"": 6.1e-05, ""curiosity"": 0.000844, ""desire"": 0.00188, ""disappointment"": 0.56825, ""disapproval"": 0.00417, ""disgust"": 0.000251, ""embarrassment"": 0.001827, ""excitement"": 3.7e-05, ""fear"": 0.00219, ""gratitude"": 2.7e-05, ""grief"": 0.00412, ""joy"": 0.007344, ""love"": 0.010452, ""nervousness"": 0.007342, ""neutral"": 0.216907, ""optimism"": 0.000801, ""pride"": 0.000133, ""realization"": 0.009833, ""relief"": 0.000216, ""remorse"": 0.022159, ""sadness"": 0.997386, ""surprise"": 1e-06}",sadness,"{""admiration"": 0.03512, ""amusement"": 0.021077, ""anger"": 0.03736, ""annoyance"": 0.039964, ""approval"": 0.036029, ""caring"": 0.066879, ""confusion"": 0.010502, ""curiosity"": 0.013074, ""desire"": 0.030386, ""disappointment"": 0.352727, ""disapproval"": 0.036521, ""disgust"": 0.022645, ""embarrassment"": 0.012927, ""excitement"": 0.008986, ""fear"": 0.017754, ""gratitude"": 0.008835, ""grief"": 0.153148, ""joy"": 0.092489, ""love"": 0.03388, ""nervousness"": 0.025661, ""neutral"": 0.078592, ""optimism"": 0.030781, ""pride"": 0.011777, ""realization"": 0.038242, ""relief"": 0.038292, ""remorse"": 0.145793, ""sadness"": 0.967763, ""surprise"": 0.009444}"
ood026,Can't believe how rude the support agent was on the phone just now.,anger|disapproval,annoyance|anger|surprise,"{""admiration"": 0.000784, ""amusement"": 0.000465, ""anger"": 0.788933, ""annoyance"": 0.803296, ""approval"": 0.007787, ""caring"": 0.001664, ""confusion"": 0.171769, ""curiosity"": 0.339179, ""desire"": 0.000713, ""disappointment"": 0.244654, ""disapproval"": 0.09368, ""disgust"": 0.041177, ""embarrassment"": 0.012038, ""excitement"": 0.01179, ""fear"": 0.002072, ""gratitude"": 0.0002, ""grief"": 0.000168, ""joy"": 3.5e-05, ""love"": 4.3e-05, ""nervousness"": 0.006445, ""neutral"": 0.196711, ""optimism"": 0.004297, ""pride"": 0.001347, ""realization"": 0.029258, ""relief"": 0.000207, ""remorse"": 0.000582, ""sadness"": 0.00351, ""surprise"": 0.540145}",annoyance,"{""admiration"": 0.027123, ""amusement"": 0.017472, ""anger"": 0.461024, ""annoyance"": 0.673142, ""approval"": 0.013058, ""caring"": 0.004327, ""confusion"": 0.136973, ""curiosity"": 0.071023, ""desire"": 0.003646, ""disappointment"": 0.26273, ""disapproval"": 0.356003, ""disgust"": 0.323789, ""embarrassment"": 0.308883, ""excitement"": 0.009979, ""fear"": 0.022699, ""gratitude"": 0.002615, ""grief"": 0.007008, ""joy"": 0.005671, ""love"": 0.005668, ""nervousness"": 0.011822, ""neutral"": 0.124968, ""optimism"": 0.009258, ""pride"": 0.004654, ""realization"": 0.059554, ""relief"": 0.004731, ""remorse"": 0.012552, ""sadness"": 0.029158, ""surprise"": 0.522089}"
ood027,"Just a heads up, the FAQ link on your homepage is broken.",neutral,neutral,"{""admiration"": 6e-06, ""amusement"": 0.002375, ""anger"": 0.002673, ""annoyance"": 0.004191, ""approval"": 0.002275, ""caring"": 0.000585, ""confusion"": 0.004078, ""curiosity"": 0.055803, ""desire"": 0.00325, ""disappointment"": 7.9e-05, ""disapproval"": 0.006356, ""disgust"": 0.0, ""embarrassment"": 8e-06, ""excitement"": 3.7e-05, ""fear"": 0.0, ""gratitude"": 2.6e-05, ""grief"": 4e-06, ""joy"": 7.9e-05, ""love"": 0.001783, ""nervousness"": 0.0, ""neutral"": 0.889985, ""optimism"": 2.3e-05, ""pride"": 1e-06, ""realization"": 0.003457, ""relief"": 2e-06, ""remorse"": 2e-06, ""sadness"": 0.000432, ""surprise"": 9e-06}",neutral,"{""admiration"": 0.007589, ""amusement"": 0.004313, ""anger"": 0.108019, ""annoyance"": 0.289873, ""approval"": 0.029132, ""caring"": 0.019804, ""confusion"": 0.005752, ""curiosity"": 0.005732, ""desire"": 0.0036, ""disappointment"": 0.531836, ""disapproval"": 0.101704, ""disgust"": 0.030397, ""embarrassment"": 0.015625, ""excitement"": 0.002617, ""fear"": 0.007784, ""gratitude"": 0.002583, ""grief"": 0.029691, ""joy"": 0.006066, ""love"": 0.002724, ""nervousness"": 0.00764, ""neutral"": 0.713067, ""optimism"": 0.012509, ""pride"": 0.005827, ""realization"": 0.060725, ""relief"": 0.007307, ""remorse"": 0.027373, ""sadness"": 0.544354, ""surprise"": 0.009607}"
ood028,"This update is a huge improvement, really excited to try the new features.",excitement|optimism,excitement,"{""admiration"": 0.45673, ""amusement"": 6e-06, ""anger"": 2e-06, ""annoyance"": 0.000137, ""approval"": 0.057776, ""caring"": 7.6e-05, ""confusion"": 0.000204, ""curiosity"": 0.103515, ""desire"": 0.009883, ""disappointment"": 0.00093, ""disapproval"": 4e-06, ""disgust"": 1e-06, ""embarrassment"": 0.0, ""excitement"": 0.992516, ""fear"": 1e-06, ""gratitude"": 0.002147, ""grief"": 0.0, ""joy"": 0.022861, ""love"": 6.5e-05, ""nervousness"": 0.0, ""neutral"": 0.182325, ""optimism"": 0.057471, ""pride"": 0.002413, ""realization"": 0.000563, ""relief"": 4.3e-05, ""remorse"": 0.0, ""sadness"": 0.0, ""surprise"": 0.105909}",excitement,"{""admiration"": 0.316191, ""amusement"": 0.025178, ""anger"": 0.010532, ""annoyance"": 0.017443, ""approval"": 0.113401, ""caring"": 0.016242, ""confusion"": 0.014413, ""curiosity"": 0.085429, ""desire"": 0.122229, ""disappointment"": 0.006571, ""disapproval"": 0.007233, ""disgust"": 0.002604, ""embarrassment"": 0.001773, ""excitement"": 0.942215, ""fear"": 0.013477, ""gratitude"": 0.063936, ""grief"": 0.004126, ""joy"": 0.351533, ""love"": 0.033146, ""nervousness"": 0.008922, ""neutral"": 0.067893, ""optimism"": 0.206794, ""pride"": 0.012599, ""realization"": 0.043019, ""relief"": 0.016052, ""remorse"": 0.000852, ""sadness"": 0.003268, ""surprise"": 0.150194}"
ood029,"I was worried I'd lose my progress, but it saved everything perfectly. Phew.",relief|nervousness,,"{""admiration"": 0.12457, ""amusement"": 0.001622, ""anger"": 0.017421, ""annoyance"": 0.026459, ""approval"": 0.158972, ""caring"": 0.205852, ""confusion"": 0.022994, ""curiosity"": 0.075557, ""desire"": 0.059669, ""disappointment"": 0.40425, ""disapproval"": 0.005224, ""disgust"": 0.020311, ""embarrassment"": 0.013966, ""excitement"": 0.121488, ""fear"": 0.437067, ""gratitude"": 0.00973, ""grief"": 0.119934, ""joy"": 0.036462, ""love"": 0.039445, ""nervousness"": 0.337146, ""neutral"": 0.145529, ""optimism"": 0.455248, ""pride"": 0.112698, ""realization"": 0.126302, ""relief"": 0.055285, ""remorse"": 0.021154, ""sadness"": 0.46708, ""surprise"": 0.125453}",nervousness|fear|caring,"{""admiration"": 0.08678, ""amusement"": 0.03613, ""anger"": 0.023718, ""annoyance"": 0.097564, ""approval"": 0.17239, ""caring"": 0.626623, ""confusion"": 0.03732, ""curiosity"": 0.021964, ""desire"": 0.048289, ""disappointment"": 0.179733, ""disapproval"": 0.043712, ""disgust"": 0.063021, ""embarrassment"": 0.048424, ""excitement"": 0.066512, ""fear"": 0.755597, ""gratitude"": 0.050669, ""grief"": 0.0867, ""joy"": 0.113568, ""love"": 0.054736, ""nervousness"": 0.815848, ""neutral"": 0.094914, ""optimism"": 0.359668, ""pride"": 0.021736, ""realization"": 0.147015, ""relief"": 0.157839, ""remorse"": 0.048695, ""sadness"": 0.333436, ""surprise"": 0.024873}"
ood030,Still waiting on a callback from three days ago. Starting to lose patience.,annoyance|disappointment,neutral|excitement,"{""admiration"": 0.053534, ""amusement"": 0.001161, ""anger"": 0.000351, ""annoyance"": 0.013857, ""approval"": 0.11883, ""caring"": 0.002366, ""confusion"": 0.017593, ""curiosity"": 0.08448, ""desire"": 0.00933, ""disappointment"": 0.042692, ""disapproval"": 0.001083, ""disgust"": 9.7e-05, ""embarrassment"": 0.000432, ""excitement"": 0.5686, ""fear"": 0.001009, ""gratitude"": 0.000353, ""grief"": 0.00019, ""joy"": 0.028598, ""love"": 0.00042, ""nervousness"": 0.001542, ""neutral"": 0.705362, ""optimism"": 0.07905, ""pride"": 0.003967, ""realization"": 0.143298, ""relief"": 0.007168, ""remorse"": 1.5e-05, ""sadness"": 0.000706, ""surprise"": 0.198343}",disappointment,"{""admiration"": 0.011925, ""amusement"": 0.003498, ""anger"": 0.04089, ""annoyance"": 0.206193, ""approval"": 0.038918, ""caring"": 0.03499, ""confusion"": 0.023757, ""curiosity"": 0.033238, ""desire"": 0.033548, ""disappointment"": 0.741631, ""disapproval"": 0.073476, ""disgust"": 0.015717, ""embarrassment"": 0.016583, ""excitement"": 0.053651, ""fear"": 0.028501, ""gratitude"": 0.013099, ""grief"": 0.030352, ""joy"": 0.021365, ""love"": 0.007993, ""nervousness"": 0.086657, ""neutral"": 0.353748, ""optimism"": 0.30262, ""pride"": 0.011601, ""realization"": 0.224656, ""relief"": 0.041677, ""remorse"": 0.0179, ""sadness"": 0.374372, ""surprise"": 0.063898}"
ood031,"The packaging was damaged but the product inside was fine, so no big deal.",neutral,neutral,"{""admiration"": 0.064383, ""amusement"": 5.7e-05, ""anger"": 4e-06, ""annoyance"": 0.000702, ""approval"": 0.258136, ""caring"": 3.5e-05, ""confusion"": 0.015218, ""curiosity"": 0.020337, ""desire"": 1e-06, ""disappointment"": 0.001743, ""disapproval"": 0.218932, ""disgust"": 3.7e-05, ""embarrassment"": 1e-06, ""excitement"": 0.0, ""fear"": 0.0, ""gratitude"": 3.5e-05, ""grief"": 0.0, ""joy"": 1e-06, ""love"": 1e-06, ""nervousness"": 0.0, ""neutral"": 0.788319, ""optimism"": 0.000166, ""pride"": 3e-06, ""realization"": 0.039527, ""relief"": 3.9e-05, ""remorse"": 0.0, ""sadness"": 1.1e-05, ""surprise"": 8.6e-05}",neutral,"{""admiration"": 0.082089, ""amusement"": 0.002724, ""anger"": 0.011193, ""annoyance"": 0.131846, ""approval"": 0.453611, ""caring"": 0.040416, ""confusion"": 0.013934, ""curiosity"": 0.006242, ""desire"": 0.002803, ""disappointment"": 0.21285, ""disapproval"": 0.346667, ""disgust"": 0.028812, ""embarrassment"": 0.006238, ""excitement"": 0.001489, ""fear"": 0.002156, ""gratitude"": 0.013011, ""grief"": 0.006893, ""joy"": 0.008409, ""love"": 0.001891, ""nervousness"": 0.00241, ""neutral"": 0.627971, ""optimism"": 0.022731, ""pride"": 0.009861, ""realization"": 0.174208, ""relief"": 0.02797, ""remorse"": 0.00794, ""sadness"": 0.053708, ""surprise"": 0.004125}"
ood032,I really don't understand why my account got suspended without warning.,confusion|annoyance,confusion,"{""admiration"": 7e-05, ""amusement"": 0.00168, ""anger"": 0.035186, ""annoyance"": 0.20911, ""approval"": 0.171429, ""caring"": 0.05195, ""confusion"": 0.854945, ""curiosity"": 0.135249, ""desire"": 0.000242, ""disappointment"": 0.275556, ""disapproval"": 0.148729, ""disgust"": 0.005199, ""embarrassment"": 0.009686, ""excitement"": 5.2e-05, ""fear"": 0.013609, ""gratitude"": 0.000939, ""grief"": 0.000696, ""joy"": 3.1e-05, ""love"": 0.000362, ""nervousness"": 0.081159, ""neutral"": 0.231016, ""optimism"": 0.009446, ""pride"": 0.000492, ""realization"": 0.251091, ""relief"": 0.001599, ""remorse"": 0.154142, ""sadness"": 0.335849, ""surprise"": 0.001496}",confusion,"{""admiration"": 0.004601, ""amusement"": 0.015895, ""anger"": 0.093362, ""annoyance"": 0.259588, ""approval"": 0.037967, ""caring"": 0.011161, ""confusion"": 0.925768, ""curiosity"": 0.272074, ""desire"": 0.005633, ""disappointment"": 0.144867, ""disapproval"": 0.478468, ""disgust"": 0.040085, ""embarrassment"": 0.051538, ""excitement"": 0.003088, ""fear"": 0.017881, ""gratitude"": 0.016236, ""grief"": 0.005804, ""joy"": 0.003691, ""love"": 0.006459, ""nervousness"": 0.010262, ""neutral"": 0.164845, ""optimism"": 0.019084, ""pride"": 0.001649, ""realization"": 0.11214, ""relief"": 0.00631, ""remorse"": 0.023374, ""sadness"": 0.022452, ""surprise"": 0.064508}"
ood033,"Thank you so much for the birthday discount, that was such a nice surprise!",gratitude|surprise,gratitude|admiration|surprise,"{""admiration"": 0.517368, ""amusement"": 0.000255, ""anger"": 4.9e-05, ""annoyance"": 0.003478, ""approval"": 0.008369, ""caring"": 0.000637, ""confusion"": 0.000631, ""curiosity"": 0.021511, ""desire"": 0.000248, ""disappointment"": 0.025524, ""disapproval"": 0.002393, ""disgust"": 5.3e-05, ""embarrassment"": 0.000286, ""excitement"": 0.159084, ""fear"": 0.0, ""gratitude"": 0.995512, ""grief"": 0.000729, ""joy"": 0.023623, ""love"": 0.00121, ""nervousness"": 0.0, ""neutral"": 0.037217, ""optimism"": 0.004331, ""pride"": 0.01474, ""realization"": 0.057934, ""relief"": 0.026961, ""remorse"": 0.000868, ""sadness"": 0.001189, ""surprise"": 0.511944}",gratitude|excitement|surprise,"{""admiration"": 0.240209, ""amusement"": 0.04629, ""anger"": 0.009818, ""annoyance"": 0.013966, ""approval"": 0.036211, ""caring"": 0.004376, ""confusion"": 0.030903, ""curiosity"": 0.046814, ""desire"": 0.013078, ""disappointment"": 0.008892, ""disapproval"": 0.009717, ""disgust"": 0.003264, ""embarrassment"": 0.006291, ""excitement"": 0.695548, ""fear"": 0.004918, ""gratitude"": 0.914504, ""grief"": 0.005156, ""joy"": 0.184613, ""love"": 0.027929, ""nervousness"": 0.005358, ""neutral"": 0.019122, ""optimism"": 0.032535, ""pride"": 0.011286, ""realization"": 0.087177, ""relief"": 0.02263, ""remorse"": 0.004215, ""sadness"": 0.004974, ""surprise"": 0.651176}"
ood034,"This is the worst experience I've had with an online store, honestly.",anger|disapproval,disgust|disappointment,"{""admiration"": 0.059549, ""amusement"": 2.2e-05, ""anger"": 0.135553, ""annoyance"": 0.39977, ""approval"": 0.221228, ""caring"": 0.001361, ""confusion"": 0.021345, ""curiosity"": 0.222619, ""desire"": 0.00018, ""disappointment"": 0.51648, ""disapproval"": 0.075555, ""disgust"": 0.751642, ""embarrassment"": 0.011088, ""excitement"": 0.000981, ""fear"": 0.071594, ""gratitude"": 1e-06, ""grief"": 6.9e-05, ""joy"": 1.8e-05, ""love"": 0.000144, ""nervousness"": 0.007696, ""neutral"": 0.144888, ""optimism"": 0.012586, ""pride"": 0.001742, ""realization"": 0.07874, ""relief"": 2.5e-05, ""remorse"": 0.000172, ""sadness"": 0.015112, ""surprise"": 0.032285}",disgust,"{""admiration"": 0.063516, ""amusement"": 0.013515, ""anger"": 0.221351, ""annoyance"": 0.538963, ""approval"": 0.055008, ""caring"": 0.010461, ""confusion"": 0.029876, ""curiosity"": 0.020382, ""desire"": 0.013945, ""disappointment"": 0.479569, ""disapproval"": 0.478859, ""disgust"": 0.927194, ""embarrassment"": 0.172812, ""excitement"": 0.0054, ""fear"": 0.075168, ""gratitude"": 0.009864, ""grief"": 0.010374, ""joy"": 0.01338, ""love"": 0.004418, ""nervousness"": 0.020904, ""neutral"": 0.052313, ""optimism"": 0.028202, ""pride"": 0.010466, ""realization"": 0.055539, ""relief"": 0.023221, ""remorse"": 0.021196, ""sadness"": 0.103508, ""surprise"": 0.033184}"
ood035,"Hoping the new feature rollout goes well next week, fingers crossed.",optimism|nervousness,optimism,"{""admiration"": 0.005217, ""amusement"": 0.000143, ""anger"": 0.005406, ""annoyance"": 0.014014, ""approval"": 0.00792, ""caring"": 0.09951, ""confusion"": 0.000458, ""curiosity"": 0.00702, ""desire"": 0.023875, ""disappointment"": 0.003443, ""disapproval"": 0.000101, ""disgust"": 0.000105, ""embarrassment"": 0.0, ""excitement"": 0.063594, ""fear"": 3e-06, ""gratitude"": 0.001896, ""grief"": 1e-06, ""joy"": 0.000655, ""love"": 0.000159, ""nervousness"": 4e-06, ""neutral"": 0.260585, ""optimism"": 0.999721, ""pride"": 0.000193, ""realization"": 8e-06, ""relief"": 4.6e-05, ""remorse"": 0.0, ""sadness"": 6e-06, ""surprise"": 2.6e-05}",optimism,"{""admiration"": 0.066891, ""amusement"": 0.011716, ""anger"": 0.011646, ""annoyance"": 0.027604, ""approval"": 0.060103, ""caring"": 0.074717, ""confusion"": 0.048891, ""curiosity"": 0.038708, ""desire"": 0.41549, ""disappointment"": 0.039677, ""disapproval"": 0.029303, ""disgust"": 0.005207, ""embarrassment"": 0.001786, ""excitement"": 0.020212, ""fear"": 0.004343, ""gratitude"": 0.036748, ""grief"": 0.003958, ""joy"": 0.011969, ""love"": 0.025254, ""nervousness"": 0.005436, ""neutral"": 0.087798, ""optimism"": 0.969068, ""pride"": 0.006428, ""realization"": 0.031472, ""relief"": 0.009108, ""remorse"": 0.001678, ""sadness"": 0.009945, ""surprise"": 0.011596}"
ood036,"The support chatbot couldn't understand my question at all, kind of embarrassing to have to repeat myself five times.",annoyance|embarrassment,embarrassment,"{""admiration"": 5.7e-05, ""amusement"": 0.001651, ""anger"": 0.105211, ""annoyance"": 0.42819, ""approval"": 0.004697, ""caring"": 0.001872, ""confusion"": 0.119768, ""curiosity"": 0.256209, ""desire"": 0.00066, ""disappointment"": 0.352049, ""disapproval"": 0.044388, ""disgust"": 0.069719, ""embarrassment"": 0.972432, ""excitement"": 0.002322, ""fear"": 0.019734, ""gratitude"": 0.000106, ""grief"": 0.003585, ""joy"": 0.000141, ""love"": 1.4e-05, ""nervousness"": 0.077695, ""neutral"": 0.249385, ""optimism"": 0.000226, ""pride"": 0.013498, ""realization"": 0.227847, ""relief"": 0.001704, ""remorse"": 0.436759, ""sadness"": 0.114614, ""surprise"": 0.136763}",embarrassment,"{""admiration"": 0.063364, ""amusement"": 0.138282, ""anger"": 0.100955, ""annoyance"": 0.313247, ""approval"": 0.056068, ""caring"": 0.030311, ""confusion"": 0.118153, ""curiosity"": 0.066302, ""desire"": 0.020172, ""disappointment"": 0.242125, ""disapproval"": 0.237911, ""disgust"": 0.278847, ""embarrassment"": 0.95249, ""excitement"": 0.028388, ""fear"": 0.053733, ""gratitude"": 0.032545, ""grief"": 0.025962, ""joy"": 0.053759, ""love"": 0.049605, ""nervousness"": 0.05637, ""neutral"": 0.080083, ""optimism"": 0.027776, ""pride"": 0.015095, ""realization"": 0.164977, ""relief"": 0.019237, ""remorse"": 0.267775, ""sadness"": 0.118529, ""surprise"": 0.229999}"
ood037,"I'm actually really happy with how this turned out, way better than I expected!",joy,joy|admiration|excitement,"{""admiration"": 0.518057, ""amusement"": 0.007752, ""anger"": 0.000375, ""annoyance"": 0.00252, ""approval"": 0.307057, ""caring"": 0.130777, ""confusion"": 0.006942, ""curiosity"": 0.054058, ""desire"": 0.049895, ""disappointment"": 0.061612, ""disapproval"": 0.003212, ""disgust"": 0.000463, ""embarrassment"": 0.002625, ""excitement"": 0.517163, ""fear"": 0.001141, ""gratitude"": 0.189291, ""grief"": 0.003928, ""joy"": 0.788663, ""love"": 0.120581, ""nervousness"": 0.001911, ""neutral"": 0.090367, ""optimism"": 0.211386, ""pride"": 0.061928, ""realization"": 0.062681, ""relief"": 0.100104, ""remorse"": 0.001751, ""sadness"": 0.034394, ""surprise"": 0.060412}",joy,"{""admiration"": 0.361541, ""amusement"": 0.064646, ""anger"": 0.002743, ""annoyance"": 0.015183, ""approval"": 0.246878, ""caring"": 0.064657, ""confusion"": 0.013408, ""curiosity"": 0.028391, ""desire"": 0.030612, ""disappointment"": 0.014086, ""disapproval"": 0.014694, ""disgust"": 0.004184, ""embarrassment"": 0.002289, ""excitement"": 0.376347, ""fear"": 0.003992, ""gratitude"": 0.150754, ""grief"": 0.00822, ""joy"": 0.966269, ""love"": 0.038819, ""nervousness"": 0.005286, ""neutral"": 0.037429, ""optimism"": 0.0832, ""pride"": 0.027367, ""realization"": 0.067929, ""relief"": 0.208392, ""remorse"": 0.004003, ""sadness"": 0.015504, ""surprise"": 0.019979}"
ood038,It's a bit funny that the error message told me to 'try turning it off and on again' - classic.,amusement,amusement,"{""admiration"": 0.011419, ""amusement"": 0.906052, ""anger"": 0.025359, ""annoyance"": 0.330357, ""approval"": 0.056755, ""caring"": 0.000428, ""confusion"": 0.019233, ""curiosity"": 0.008724, ""desire"": 0.000285, ""disappointment"": 0.03164, ""disapproval"": 0.024589, ""disgust"": 0.070703, ""embarrassment"": 0.059093, ""excitement"": 0.009191, ""fear"": 0.044763, ""gratitude"": 0.000189, ""grief"": 0.000172, ""joy"": 0.048049, ""love"": 0.000808, ""nervousness"": 0.007875, ""neutral"": 0.352599, ""optimism"": 0.007256, ""pride"": 0.000202, ""realization"": 0.016182, ""relief"": 0.003534, ""remorse"": 0.000728, ""sadness"": 0.031104, ""surprise"": 0.003695}",amusement,"{""admiration"": 0.041615, ""amusement"": 0.988208, ""anger"": 0.011753, ""annoyance"": 0.059196, ""approval"": 0.055079, ""caring"": 0.011206, ""confusion"": 0.021257, ""curiosity"": 0.016264, ""desire"": 0.016263, ""disappointment"": 0.012628, ""disapproval"": 0.030475, ""disgust"": 0.009498, ""embarrassment"": 0.013197, ""excitement"": 0.015335, ""fear"": 0.002123, ""gratitude"": 0.00844, ""grief"": 0.003484, ""joy"": 0.321926, ""love"": 0.017069, ""nervousness"": 0.00256, ""neutral"": 0.059128, ""optimism"": 0.023252, ""pride"": 0.004781, ""realization"": 0.042837, ""relief"": 0.007226, ""remorse"": 0.002776, ""sadness"": 0.010139, ""surprise"": 0.011238}"
ood039,"I really care about getting this resolved before my trip next week, is there any way to expedite it?",caring,caring,"{""admiration"": 0.127678, ""amusement"": 0.029322, ""anger"": 0.04153, ""annoyance"": 0.097109, ""approval"": 0.133018, ""caring"": 0.572533, ""confusion"": 0.09553, ""curiosity"": 0.456581, ""desire"": 0.212757, ""disappointment"": 0.136658, ""disapproval"": 0.018899, ""disgust"": 0.023044, ""embarrassment"": 0.020398, ""excitement"": 0.451273, ""fear"": 0.056646, ""gratitude"": 0.046813, ""grief"": 0.026048, ""joy"": 0.38507, ""love"": 0.101632, ""nervousness"": 0.146961, ""neutral"": 0.288223, ""optimism"": 0.29346, ""pride"": 0.058997, ""realization"": 0.088663, ""relief"": 0.058823, ""remorse"": 0.027933, ""sadness"": 0.173322, ""surprise"": 0.035777}",caring|curiosity,"{""admiration"": 0.025693, ""amusement"": 0.009659, ""anger"": 0.040724, ""annoyance"": 0.091998, ""approval"": 0.175759, ""caring"": 0.814596, ""confusion"": 0.260957, ""curiosity"": 0.73473, ""desire"": 0.198735, ""disappointment"": 0.041434, ""disapproval"": 0.035759, ""disgust"": 0.014552, ""embarrassment"": 0.009496, ""excitement"": 0.017049, ""fear"": 0.042561, ""gratitude"": 0.024188, ""grief"": 0.02068, ""joy"": 0.025528, ""love"": 0.076472, ""nervousness"": 0.040821, ""neutral"": 0.173072, ""optimism"": 0.273287, ""pride"": 0.005325, ""realization"": 0.048839, ""relief"": 0.03928, ""remorse"": 0.040465, ""sadness"": 0.107268, ""surprise"": 0.00851}"
ood040,I'd love it if you guys added a dark mode option someday.,desire,love|desire|optimism,"{""admiration"": 0.035022, ""amusement"": 0.009544, ""anger"": 0.000631, ""annoyance"": 0.000559, ""approval"": 0.090776, ""caring"": 0.089542, ""confusion"": 0.048936, ""curiosity"": 0.086288, ""desire"": 0.811307, ""disappointment"": 0.002198, ""disapproval"": 0.006401, ""disgust"": 1.4e-05, ""embarrassment"": 8e-06, ""excitement"": 0.008628, ""fear"": 0.0002, ""gratitude"": 0.003806, ""grief"": 0.000129, ""joy"": 0.016937, ""love"": 0.960903, ""nervousness"": 5.6e-05, ""neutral"": 0.058258, ""optimism"": 0.722525, ""pride"": 0.000421, ""realization"": 0.003393, ""relief"": 2.8e-05, ""remorse"": 7.2e-05, ""sadness"": 0.002157, ""surprise"": 5.3e-05}",love|desire,"{""admiration"": 0.110913, ""amusement"": 0.030768, ""anger"": 0.016488, ""annoyance"": 0.019057, ""approval"": 0.15618, ""caring"": 0.065973, ""confusion"": 0.029339, ""curiosity"": 0.050541, ""desire"": 0.738308, ""disappointment"": 0.016201, ""disapproval"": 0.029087, ""disgust"": 0.004194, ""embarrassment"": 0.003427, ""excitement"": 0.108991, ""fear"": 0.006502, ""gratitude"": 0.021727, ""grief"": 0.005173, ""joy"": 0.054743, ""love"": 0.945665, ""nervousness"": 0.005899, ""neutral"": 0.088797, ""optimism"": 0.505649, ""pride"": 0.009367, ""realization"": 0.018276, ""relief"": 0.006727, ""remorse"": 0.002568, ""sadness"": 0.007655, ""surprise"": 0.008666}"
ood041,"Oh, I just realized the discount code was case-sensitive, that's why it wasn't working.",realization,realization|neutral,"{""admiration"": 4.8e-05, ""amusement"": 1e-06, ""anger"": 1.8e-05, ""annoyance"": 0.002163, ""approval"": 0.064279, ""caring"": 4e-05, ""confusion"": 0.220642, ""curiosity"": 0.145529, ""desire"": 0.000335, ""disappointment"": 0.076595, ""disapproval"": 0.00757, ""disgust"": 1.4e-05, ""embarrassment"": 0.00146, ""excitement"": 4.9e-05, ""fear"": 7e-06, ""gratitude"": 6.4e-05, ""grief"": 5.6e-05, ""joy"": 1e-06, ""love"": 4.6e-05, ""nervousness"": 0.000149, ""neutral"": 0.649086, ""optimism"": 0.000207, ""pride"": 0.000264, ""realization"": 0.978651, ""relief"": 8.3e-05, ""remorse"": 0.001493, ""sadness"": 0.003983, ""surprise"": 0.031232}",realization,"{""admiration"": 0.028794, ""amusement"": 0.04299, ""anger"": 0.016488, ""annoyance"": 0.099378, ""approval"": 0.193941, ""caring"": 0.025934, ""confusion"": 0.131766, ""curiosity"": 0.036385, ""desire"": 0.016712, ""disappointment"": 0.154362, ""disapproval"": 0.089395, ""disgust"": 0.019355, ""embarrassment"": 0.076599, ""excitement"": 0.049422, ""fear"": 0.025151, ""gratitude"": 0.058952, ""grief"": 0.022367, ""joy"": 0.035918, ""love"": 0.004403, ""nervousness"": 0.036794, ""neutral"": 0.266573, ""optimism"": 0.08201, ""pride"": 0.025238, ""realization"": 0.948037, ""relief"": 0.067802, ""remorse"": 0.068006, ""sadness"": 0.049922, ""surprise"": 0.334612}"
ood042,"I'm scared I'll lose all my saved documents if I switch plans, can someone confirm that won't happen?",fear,fear,"{""admiration"": 0.000461, ""amusement"": 8.5e-05, ""anger"": 0.007244, ""annoyance"": 0.030541, ""approval"": 0.112132, ""caring"": 0.003192, ""confusion"": 0.197254, ""curiosity"": 0.107271, ""desire"": 0.003513, ""disappointment"": 0.173712, ""disapproval"": 0.031633, ""disgust"": 0.004977, ""embarrassment"": 0.000929, ""excitement"": 0.010418, ""fear"": 0.861401, ""gratitude"": 3e-06, ""grief"": 0.00053, ""joy"": 5.1e-05, ""love"": 1.2e-05, ""nervousness"": 0.21512, ""neutral"": 0.301358, ""optimism"": 0.338185, ""pride"": 0.001993, ""realization"": 0.056224, ""relief"": 0.001151, ""remorse"": 0.000128, ""sadness"": 0.00673, ""surprise"": 0.340301}",fear,"{""admiration"": 0.022387, ""amusement"": 0.045454, ""anger"": 0.047664, ""annoyance"": 0.108265, ""approval"": 0.056331, ""caring"": 0.065722, ""confusion"": 0.221772, ""curiosity"": 0.251942, ""desire"": 0.050795, ""disappointment"": 0.053414, ""disapproval"": 0.05388, ""disgust"": 0.061879, ""embarrassment"": 0.04334, ""excitement"": 0.05895, ""fear"": 0.966111, ""gratitude"": 0.011649, ""grief"": 0.021022, ""joy"": 0.023915, ""love"": 0.019323, ""nervousness"": 0.392407, ""neutral"": 0.087752, ""optimism"": 0.089567, ""pride"": 0.00342, ""realization"": 0.069424, ""relief"": 0.011017, ""remorse"": 0.011416, ""sadness"": 0.053694, ""surprise"": 0.082464}"
ood043,The onboarding tutorial was actually pretty fun to go through.,amusement|approval,amusement|joy,"{""admiration"": 0.36384, ""amusement"": 0.833133, ""anger"": 0.00099, ""annoyance"": 0.008572, ""approval"": 0.093205, ""caring"": 0.002017, ""confusion"": 0.018636, ""curiosity"": 0.10509, ""desire"": 0.001597, ""disappointment"": 0.002326, ""disapproval"": 0.001154, ""disgust"": 0.0023, ""embarrassment"": 0.009927, ""excitement"": 0.362496, ""fear"": 0.001319, ""gratitude"": 0.044912, ""grief"": 0.00023, ""joy"": 0.766665, ""love"": 0.003877, ""nervousness"": 0.000676, ""neutral"": 0.074938, ""optimism"": 0.022052, ""pride"": 0.001537, ""realization"": 0.078003, ""relief"": 0.032802, ""remorse"": 0.000136, ""sadness"": 0.001946, ""surprise"": 0.107023}",amusement|joy,"{""admiration"": 0.231245, ""amusement"": 0.9302, ""anger"": 0.003598, ""annoyance"": 0.021953, ""approval"": 0.100127, ""caring"": 0.008648, ""confusion"": 0.009718, ""curiosity"": 0.013603, ""desire"": 0.01065, ""disappointment"": 0.007726, ""disapproval"": 0.014303, ""disgust"": 0.004784, ""embarrassment"": 0.00432, ""excitement"": 0.092903, ""fear"": 0.002126, ""gratitude"": 0.025366, ""grief"": 0.00298, ""joy"": 0.838572, ""love"": 0.022331, ""nervousness"": 0.002472, ""neutral"": 0.032721, ""optimism"": 0.019973, ""pride"": 0.005986, ""realization"": 0.036228, ""relief"": 0.01894, ""remorse"": 0.001383, ""sadness"": 0.005469, ""surprise"": 0.009885}"
ood044,"I just want to double check, does the warranty cover accidental damage too?",curiosity,neutral,"{""admiration"": 7.6e-05, ""amusement"": 0.000399, ""anger"": 0.052099, ""annoyance"": 0.059317, ""approval"": 0.068458, ""caring"": 0.003742, ""confusion"": 0.00333, ""curiosity"": 0.021341, ""desire"": 0.003317, ""disappointment"": 0.000459, ""disapproval"": 0.024502, ""disgust"": 4.3e-05, ""embarrassment"": 3e-06, ""excitement"": 7.2e-05, ""fear"": 2e-06, ""gratitude"": 1.2e-05, ""grief"": 2e-06, ""joy"": 2.2e-05, ""love"": 0.000159, ""nervousness"": 1e-06, ""neutral"": 0.825202, ""optimism"": 0.006245, ""pride"": 9e-06, ""realization"": 0.000587, ""relief"": 9e-06, ""remorse"": 1e-06, ""sadness"": 2.4e-05, ""surprise"": 1e-05}",curiosity|confusion,"{""admiration"": 0.007835, ""amusement"": 0.009492, ""anger"": 0.015447, ""annoyance"": 0.046232, ""approval"": 0.039028, ""caring"": 0.016001, ""confusion"": 0.63227, ""curiosity"": 0.91943, ""desire"": 0.057395, ""disappointment"": 0.011083, ""disapproval"": 0.028287, ""disgust"": 0.005368, ""embarrassment"": 0.002739, ""excitement"": 0.007178, ""fear"": 0.005408, ""gratitude"": 0.005345, ""grief"": 0.002505, ""joy"": 0.005386, ""love"": 0.009347, ""nervousness"": 0.001456, ""neutral"": 0.352312, ""optimism"": 0.027395, ""pride"": 0.00067, ""realization"": 0.019172, ""relief"": 0.003516, ""remorse"": 0.002019, ""sadness"": 0.006171, ""surprise"": 0.01254}"
ood045,"This might be a silly question, but where do I find my invoice history?",confusion|embarrassment,confusion,"{""admiration"": 0.001224, ""amusement"": 0.172229, ""anger"": 0.042835, ""annoyance"": 0.307118, ""approval"": 0.044247, ""caring"": 0.018549, ""confusion"": 0.653278, ""curiosity"": 0.358554, ""desire"": 0.004615, ""disappointment"": 0.06876, ""disapproval"": 0.064626, ""disgust"": 0.00911, ""embarrassment"": 0.016306, ""excitement"": 0.008328, ""fear"": 0.010237, ""gratitude"": 0.000433, ""grief"": 0.000252, ""joy"": 0.008828, ""love"": 0.002135, ""nervousness"": 0.02084, ""neutral"": 0.390808, ""optimism"": 0.069543, ""pride"": 0.000527, ""realization"": 0.036845, ""relief"": 0.001455, ""remorse"": 0.007548, ""sadness"": 0.046827, ""surprise"": 0.005947}",curiosity|confusion,"{""admiration"": 0.004091, ""amusement"": 0.102721, ""anger"": 0.071642, ""annoyance"": 0.222836, ""approval"": 0.015758, ""caring"": 0.012409, ""confusion"": 0.773842, ""curiosity"": 0.89562, ""desire"": 0.011609, ""disappointment"": 0.030935, ""disapproval"": 0.086607, ""disgust"": 0.019524, ""embarrassment"": 0.022619, ""excitement"": 0.004853, ""fear"": 0.010663, ""gratitude"": 0.003199, ""grief"": 0.003994, ""joy"": 0.007853, ""love"": 0.006352, ""nervousness"": 0.004575, ""neutral"": 0.21189, ""optimism"": 0.019555, ""pride"": 0.000762, ""realization"": 0.029065, ""relief"": 0.003438, ""remorse"": 0.004733, ""sadness"": 0.012454, ""surprise"": 0.038796}"
ood046,So relieved you guys caught the fraud attempt on my account before any damage was done.,relief|gratitude,,"{""admiration"": 0.037476, ""amusement"": 0.001941, ""anger"": 0.007502, ""annoyance"": 0.027648, ""approval"": 0.486464, ""caring"": 0.407881, ""confusion"": 0.071735, ""curiosity"": 0.160416, ""desire"": 0.007777, ""disappointment"": 0.125616, ""disapproval"": 0.073732, ""disgust"": 0.000652, ""embarrassment"": 0.002972, ""excitement"": 0.003389, ""fear"": 0.00227, ""gratitude"": 0.017503, ""grief"": 0.027495, ""joy"": 0.010594, ""love"": 0.000485, ""nervousness"": 0.007035, ""neutral"": 0.419019, ""optimism"": 0.139921, ""pride"": 0.041063, ""realization"": 0.454701, ""relief"": 0.205711, ""remorse"": 0.041417, ""sadness"": 0.063381, ""surprise"": 0.013856}",relief|joy,"{""admiration"": 0.121624, ""amusement"": 0.017618, ""anger"": 0.026952, ""annoyance"": 0.111651, ""approval"": 0.253452, ""caring"": 0.33204, ""confusion"": 0.036701, ""curiosity"": 0.031642, ""desire"": 0.027226, ""disappointment"": 0.165505, ""disapproval"": 0.083143, ""disgust"": 0.048599, ""embarrassment"": 0.037613, ""excitement"": 0.079119, ""fear"": 0.021154, ""gratitude"": 0.500851, ""grief"": 0.091986, ""joy"": 0.661786, ""love"": 0.018767, ""nervousness"": 0.054375, ""neutral"": 0.154524, ""optimism"": 0.11502, ""pride"": 0.118541, ""realization"": 0.482963, ""relief"": 0.73713, ""remorse"": 0.166096, ""sadness"": 0.26726, ""surprise"": 0.044777}"
ood047,"Been a loyal customer for five years, and this is genuinely one of the best updates yet.",admiration|pride,admiration,"{""admiration"": 0.650762, ""amusement"": 0.000445, ""anger"": 4.7e-05, ""annoyance"": 0.001159, ""approval"": 0.294229, ""caring"": 0.1408, ""confusion"": 0.001953, ""curiosity"": 0.020739, ""desire"": 0.029127, ""disappointment"": 0.034085, ""disapproval"": 0.001685, ""disgust"": 2.4e-05, ""embarrassment"": 0.000616, ""excitement"": 0.050004, ""fear"": 2.3e-05, ""gratitude"": 0.365333, ""grief"": 0.009057, ""joy"": 0.21765, ""love"": 0.059505, ""nervousness"": 6.8e-05, ""neutral"": 0.185592, ""optimism"": 0.051279, ""pride"": 0.116834, ""realization"": 0.111077, ""relief"": 0.045495, ""remorse"": 0.006327, ""sadness"": 0.02515, ""surprise"": 0.002099}",admiration,"{""admiration"": 0.976599, ""amusement"": 0.0049, ""anger"": 0.004741, ""annoyance"": 0.014543, ""approval"": 0.38816, ""caring"": 0.027939, ""confusion"": 0.004546, ""curiosity"": 0.00759, ""desire"": 0.015694, ""disappointment"": 0.017353, ""disapproval"": 0.013637, ""disgust"": 0.004285, ""embarrassment"": 0.00249, ""excitement"": 0.028513, ""fear"": 0.00129, ""gratitude"": 0.085665, ""grief"": 0.003763, ""joy"": 0.04629, ""love"": 0.0344, ""nervousness"": 0.001333, ""neutral"": 0.094656, ""optimism"": 0.053333, ""pride"": 0.066415, ""realization"": 0.033576, ""relief"": 0.014888, ""remorse"": 0.002459, ""sadness"": 0.005375, ""surprise"": 0.00946}"
ood048,A little annoyed that the live chat keeps disconnecting mid-conversation.,annoyance,annoyance,"{""admiration"": 1.8e-05, ""amusement"": 0.0056, ""anger"": 0.423399, ""annoyance"": 0.986244, ""approval"": 0.001855, ""caring"": 0.000128, ""confusion"": 0.001614, ""curiosity"": 0.011235, ""desire"": 7e-06, ""disappointment"": 0.00619, ""disapproval"": 0.004758, ""disgust"": 0.000548, ""embarrassment"": 0.001586, ""excitement"": 0.001873, ""fear"": 1e-06, ""gratitude"": 3e-06, ""grief"": 0.0, ""joy"": 0.000891, ""love"": 1e-06, ""nervousness"": 1.4e-05, ""neutral"": 0.377401, ""optimism"": 1e-05, ""pride"": 2e-06, ""realization"": 6.6e-05, ""relief"": 1.2e-05, ""remorse"": 1e-06, ""sadness"": 2.3e-05, ""surprise"": 4.1e-05}",annoyance|anger,"{""admiration"": 0.011181, ""amusement"": 0.034239, ""anger"": 0.627748, ""annoyance"": 0.810135, ""approval"": 0.022895, ""caring"": 0.030979, ""confusion"": 0.007962, ""curiosity"": 0.009423, ""desire"": 0.002212, ""disappointment"": 0.089248, ""disapproval"": 0.088043, ""disgust"": 0.156445, ""embarrassment"": 0.0986, ""excitement"": 0.003769, ""fear"": 0.006355, ""gratitude"": 0.00836, ""grief"": 0.00361, ""joy"": 0.007316, ""love"": 0.004786, ""nervousness"": 0.007417, ""neutral"": 0.282398, ""optimism"": 0.007317, ""pride"": 0.004771, ""realization"": 0.032232, ""relief"": 0.005363, ""remorse"": 0.010738, ""sadness"": 0.018167, ""surprise"": 0.010193}"
ood049,"I was skeptical at first, but the new feature actually solved my problem perfectly.",surprise|approval,approval,"{""admiration"": 0.285107, ""amusement"": 0.003311, ""anger"": 0.000635, ""annoyance"": 0.049503, ""approval"": 0.80998, ""caring"": 0.001142, ""confusion"": 0.048983, ""curiosity"": 0.02701, ""desire"": 0.005351, ""disappointment"": 0.057546, ""disapproval"": 0.017947, ""disgust"": 0.003698, ""embarrassment"": 0.000544, ""excitement"": 0.047742, ""fear"": 0.000905, ""gratitude"": 0.000493, ""grief"": 7e-06, ""joy"": 0.033669, ""love"": 0.026226, ""nervousness"": 0.001088, ""neutral"": 0.231798, ""optimism"": 0.067248, ""pride"": 0.003, ""realization"": 0.27028, ""relief"": 0.004179, ""remorse"": 1.9e-05, ""sadness"": 0.000368, ""surprise"": 0.005433}",approval,"{""admiration"": 0.129707, ""amusement"": 0.031579, ""anger"": 0.009767, ""annoyance"": 0.099581, ""approval"": 0.690613, ""caring"": 0.0082, ""confusion"": 0.266851, ""curiosity"": 0.054583, ""desire"": 0.031358, ""disappointment"": 0.099907, ""disapproval"": 0.2259, ""disgust"": 0.012061, ""embarrassment"": 0.019448, ""excitement"": 0.059908, ""fear"": 0.015059, ""gratitude"": 0.033304, ""grief"": 0.004788, ""joy"": 0.016589, ""love"": 0.00311, ""nervousness"": 0.010274, ""neutral"": 0.097778, ""optimism"": 0.192837, ""pride"": 0.020718, ""realization"": 0.56037, ""relief"": 0.029907, ""remorse"": 0.00453, ""sadness"": 0.007732, ""surprise"": 0.363447}"
ood050,"Just checking in, any updates on the ticket I submitted last week?",neutral|curiosity,neutral,"{""admiration"": 0.000903, ""amusement"": 5.3e-05, ""anger"": 4.3e-05, ""annoyance"": 0.003774, ""approval"": 0.067211, ""caring"": 0.001114, ""confusion"": 0.084792, ""curiosity"": 0.305775, ""desire"": 0.000599, ""disappointment"": 0.018773, ""disapproval"": 0.016697, ""disgust"": 1e-05, ""embarrassment"": 1.5e-05, ""excitement"": 0.001986, ""fear"": 0.0, ""gratitude"": 0.048537, ""grief"": 1e-06, ""joy"": 0.000286, ""love"": 0.000195, ""nervousness"": 0.0, ""neutral"": 0.678267, ""optimism"": 0.018372, ""pride"": 0.000293, ""realization"": 0.003403, ""relief"": 3.9e-05, ""remorse"": 0.011841, ""sadness"": 0.000249, ""surprise"": 3.8e-05}",curiosity,"{""admiration"": 0.012953, ""amusement"": 0.005909, ""anger"": 0.007493, ""annoyance"": 0.024783, ""approval"": 0.025055, ""caring"": 0.012513, ""confusion"": 0.503632, ""curiosity"": 0.909434, ""desire"": 0.010349, ""disappointment"": 0.004934, ""disapproval"": 0.007924, ""disgust"": 0.002648, ""embarrassment"": 0.001474, ""excitement"": 0.011672, ""fear"": 0.00247, ""gratitude"": 0.012538, ""grief"": 0.001789, ""joy"": 0.005562, ""love"": 0.004829, ""nervousness"": 0.001143, ""neutral"": 0.307135, ""optimism"": 0.025408, ""pride"": 0.000495, ""realization"": 0.014174, ""relief"": 0.002672, ""remorse"": 0.001095, ""sadness"": 0.003843, ""surprise"": 0.019919}"
